Time,Predicted,Low,High
2023,73.6, 73.6, 73.6
2024,73.51864903483072,71.38464025201424,75.6526578176472
2025,73.44206649037835,70.1656340904837,76.718498890273
2026,73.36997286367591,69.04859610087395,77.69134962647787
2027,73.30210503493925,67.96641149918582,78.63779857069267
2028,73.23821530725998,66.89864287407251,79.57778774044745
